branch,person,from_date,to_date,description,qty,price,total
Conut - Tyre,Person_0129,2026-01-01,2026-01-30,PISTACHIO MILKSHAKE,1.0,893918.92,0.0
Conut - Tyre,Person_0129,2026-01-01,2026-01-30,PISTACHIO MILKSHAKE,-1.0,-893918.92,0.0
Conut - Tyre,Person_0130,2026-01-01,2026-01-30,CHIMNEY THE ONE,1.0,1251486.48,2443378.38
Conut - Tyre,Person_0130,2026-01-01,2026-01-30,CLASSIC CHIMNEY,1.0,595945.95,2443378.38
Conut - Tyre,Person_0130,2026-01-01,2026-01-30,DELIVERY CHARGE,1.0,238378.38,2443378.38
Conut - Tyre,Person_0130,2026-01-01,2026-01-30,LOTUS SAUCE.,1.0,178783.78,2443378.38
Conut - Tyre,Person_0130,2026-01-01,2026-01-30,STRAWBERRY.,1.0,178783.78,2443378.38
Conut - Tyre,Person_0131,2026-01-01,2026-01-30,CLASSIC CHIMNEY,1.0,595945.95,2979729.72
Conut - Tyre,Person_0131,2026-01-01,2026-01-30,CONUT THE ONE,1.0,893918.92,2979729.72
Conut - Tyre,Person_0131,2026-01-01,2026-01-30,DELIVERY CHARGE,1.0,238378.38,2979729.72
Conut - Tyre,Person_0131,2026-01-01,2026-01-30,MOCHA FRAPPE,1.0,536351.34,2979729.72
Conut - Tyre,Person_0131,2026-01-01,2026-01-30,MOCHA FRAPPE,1.0,536351.34,2979729.72
Conut - Tyre,Person_0131,2026-01-01,2026-01-30,STRAWBERRY.,1.0,178783.78,2979729.72
Conut - Tyre,Person_0132,2026-01-01,2026-01-30,CONUT PISTACHIO,1.0,1013108.11,2175864.86
Conut - Tyre,Person_0132,2026-01-01,2026-01-30,CONUT TRIPLE CHOCOLATE,1.0,924378.38,2175864.86
Conut - Tyre,Person_0132,2026-01-01,2026-01-30,DELIVERY CHARGE,1.0,238378.38,2175864.86
Conut - Tyre,Person_0133,2026-01-01,2026-01-30,CHIMNEY BERRY MIX,-1.0,-1251486.48,0.0
Conut - Tyre,Person_0133,2026-01-01,2026-01-30,CHIMNEY BERRY MIX,1.0,1251486.48,0.0
Conut - Tyre,Person_0133,2026-01-01,2026-01-30,CHIMNEY THE ONE,1.0,1251486.48,0.0
Conut - Tyre,Person_0133,2026-01-01,2026-01-30,CHIMNEY THE ONE,1.0,1251486.48,0.0
Conut - Tyre,Person_0133,2026-01-01,2026-01-30,CHIMNEY THE ONE,-1.0,-1251486.48,0.0
Conut - Tyre,Person_0133,2026-01-01,2026-01-30,CHIMNEY THE ONE,-1.0,-1251486.48,0.0
Conut - Tyre,Person_0133,2026-01-01,2026-01-30,CHIMNEY TRIPLE CHOCOLATE,-1.0,-1311081.08,0.0
Conut - Tyre,Person_0133,2026-01-01,2026-01-30,CHIMNEY TRIPLE CHOCOLATE,1.0,1311081.08,0.0
Conut - Tyre,Person_0133,2026-01-01,2026-01-30,CLASSIC CHIMNEY,1.0,595945.95,0.0
Conut - Tyre,Person_0133,2026-01-01,2026-01-30,CLASSIC CHIMNEY,1.0,595945.95,0.0
Conut - Tyre,Person_0133,2026-01-01,2026-01-30,CLASSIC CHIMNEY,-1.0,-595945.95,0.0
Conut - Tyre,Person_0133,2026-01-01,2026-01-30,CLASSIC CHIMNEY,-1.0,-595945.95,0.0
Conut - Tyre,Person_0133,2026-01-01,2026-01-30,DELIVERY CHARGE,-1.0,-238378.38,0.0
Conut - Tyre,Person_0133,2026-01-01,2026-01-30,DELIVERY CHARGE,1.0,238378.38,0.0
Conut - Tyre,Person_0134,2026-01-01,2026-01-30,DELIVERY CHARGE,1.0,238378.38,1372000.01
Conut - Tyre,Person_0134,2026-01-01,2026-01-30,MINI BERRY MIX,1.0,507216.22,1372000.01
Conut - Tyre,Person_0134,2026-01-01,2026-01-30,MINI PISTACHIO,1.0,626405.41,1372000.01
Conut - Tyre,Person_0135,2026-01-01,2026-01-30,CHIMNEY THE ONE,1.0,1251486.48,1668648.64
Conut - Tyre,Person_0135,2026-01-01,2026-01-30,DELIVERY CHARGE,1.0,238378.38,1668648.64
Conut - Tyre,Person_0135,2026-01-01,2026-01-30,NUTELLA SAUCE.,1.0,178783.78,1668648.64
Conut - Tyre,Person_0136,2026-01-01,2026-01-30,WATER,1.0,79459.45,79459.45
Conut - Tyre,Person_0137,2026-01-01,2026-01-30,ICE CREAM BOWL,1.0,595945.95,595945.95
Conut Jnah,Person_0137,2026-01-01,2026-01-30,CHIMNEY TRIPLE CHOCOLATE,1.0,1311081.08,1549459.45
Conut Jnah,Person_0137,2026-01-01,2026-01-30,DELIVERY CHARGE,1.0,238378.38,1549459.45
Conut Jnah,Person_0137,2026-01-01,2026-01-30,DELIVERY CHARGE,-1.0,-238378.38,0.0
Conut Jnah,Person_0137,2026-01-01,2026-01-30,DELIVERY CHARGE,1.0,238378.38,0.0
Conut Jnah,Person_0137,2026-01-01,2026-01-30,THE SHARING BOX.,1.0,1668648.66,0.0
Conut Jnah,Person_0137,2026-01-01,2026-01-30,THE SHARING BOX.,-1.0,-1668648.66,0.0
Conut Jnah,Person_0137,2026-01-01,2026-01-30,CHIMNEY THE ONE,1.0,1251486.48,2085810.81
Conut Jnah,Person_0137,2026-01-01,2026-01-30,CLASSIC CHIMNEY,1.0,595945.95,2085810.81
Conut Jnah,Person_0137,2026-01-01,2026-01-30,DELIVERY CHARGE,1.0,238378.38,2085810.81
Conut Jnah,Person_0137,2026-01-01,2026-01-30,ADD ICE CREAM,1.0,476756.75,3277702.69
Conut Jnah,Person_0137,2026-01-01,2026-01-30,CHIMNEY BERRY MIX,1.0,1251486.48,3277702.69
Conut Jnah,Person_0137,2026-01-01,2026-01-30,CHIMNEY BOSTON CHEESECAKE,1.0,1311081.08,3277702.69
Conut Jnah,Person_0137,2026-01-01,2026-01-30,DELIVERY CHARGE,1.0,238378.38,3277702.69
Conut Jnah,Person_0137,2026-01-01,2026-01-30,CHIMNEY THE ONE,1.0,1251486.48,4112027.03
Conut Jnah,Person_0137,2026-01-01,2026-01-30,CHIMNEY TRIPLE CHOCOLATE,1.0,1311081.08,4112027.03
Conut Jnah,Person_0137,2026-01-01,2026-01-30,CONUT BITES,1.0,655540.55,4112027.03
Conut Jnah,Person_0137,2026-01-01,2026-01-30,CONUT BITES,1.0,655540.55,4112027.03
Conut Jnah,Person_0137,2026-01-01,2026-01-30,DELIVERY CHARGE,1.0,238378.38,4112027.03
Conut Jnah,Person_0137,2026-01-01,2026-01-30,CHIMNEY BERRY MIX,1.0,1251486.48,3308162.16
Conut Jnah,Person_0137,2026-01-01,2026-01-30,CONUT THE ONE,1.0,893918.92,3308162.16
Conut Jnah,Person_0137,2026-01-01,2026-01-30,CONUT TRIPLE CHOCOLATE,1.0,924378.38,3308162.16
Conut Jnah,Person_0137,2026-01-01,2026-01-30,DELIVERY CHARGE,1.0,238378.38,3308162.16
Conut Jnah,Person_0137,2026-01-01,2026-01-30,CHIMNEY THE ONE,1.0,1251486.48,2920135.13
Conut Jnah,Person_0137,2026-01-01,2026-01-30,CHIMNEY THE ONE,1.0,1251486.48,2920135.13
Conut Jnah,Person_0137,2026-01-01,2026-01-30,DELIVERY CHARGE,1.0,238378.38,2920135.13
Conut Jnah,Person_0137,2026-01-01,2026-01-30,STRAWBERRY.,1.0,178783.78,2920135.13
Conut Jnah,Person_0137,2026-01-01,2026-01-30,CHIMNEY TRIPLE CHOCOLATE,1.0,1311081.08,1549459.45
Conut Jnah,Person_0137,2026-01-01,2026-01-30,DELIVERY CHARGE,1.0,238378.38,1549459.45
Conut Jnah,Person_0137,2026-01-01,2026-01-30,CLASSIC CHIMNEY,1.0,595945.95,1430270.28
Conut Jnah,Person_0137,2026-01-01,2026-01-30,CLASSIC CHIMNEY,1.0,595945.95,1430270.28
Conut Jnah,Person_0137,2026-01-01,2026-01-30,DELIVERY CHARGE,1.0,238378.38,1430270.28
Conut Jnah,Person_0137,2026-01-01,2026-01-30,CHIMNEY THE ONE,1.0,1251486.48,5065540.53
Conut Jnah,Person_0137,2026-01-01,2026-01-30,CHIMNEY TRIPLE CHOCOLATE,1.0,1311081.08,5065540.53
Conut Jnah,Person_0137,2026-01-01,2026-01-30,DELIVERY CHARGE,1.0,238378.38,5065540.53
Conut Jnah,Person_0137,2026-01-01,2026-01-30,DELIVERY CHARGE,1.0,238378.38,5065540.53
Conut Jnah,Person_0137,2026-01-01,2026-01-30,NUTELLA SAUCE.,1.0,178783.78,5065540.53
Conut Jnah,Person_0137,2026-01-01,2026-01-30,STRAWBERRY.,1.0,178783.78,5065540.53
Conut Jnah,Person_0137,2026-01-01,2026-01-30,THE SHARING BOX.,1.0,1668648.66,5065540.53
Conut Jnah,Person_0137,2026-01-01,2026-01-30,CONUT BERRY MIX,1.0,893918.92,1132297.3
Conut Jnah,Person_0137,2026-01-01,2026-01-30,DELIVERY CHARGE,1.0,238378.38,1132297.3
Conut Jnah,Person_0137,2026-01-01,2026-01-30,CHIMNEY THE ONE,1.0,1251486.48,1489864.86
Conut Jnah,Person_0137,2026-01-01,2026-01-30,DELIVERY CHARGE,1.0,238378.38,1489864.86
Conut Jnah,Person_0137,2026-01-01,2026-01-30,CHIMNEY THE ONE,1.0,1251486.48,1489864.86
Conut Jnah,Person_0137,2026-01-01,2026-01-30,DELIVERY CHARGE,1.0,238378.38,1489864.86
Conut Jnah,Person_0137,2026-01-01,2026-01-30,CHIMNEY THE ORIGINAL,1.0,1191891.89,3218108.11
Conut Jnah,Person_0137,2026-01-01,2026-01-30,CONUT BERRY MIX,1.0,893918.92,3218108.11
Conut Jnah,Person_0137,2026-01-01,2026-01-30,CONUT THE ONE,1.0,893918.92,3218108.11
Conut Jnah,Person_0137,2026-01-01,2026-01-30,DELIVERY CHARGE,1.0,238378.38,3218108.11
Conut Jnah,Person_0137,2026-01-01,2026-01-30,CHIMNEY THE ONE,1.0,1251486.48,2741351.34
Conut Jnah,Person_0137,2026-01-01,2026-01-30,CHIMNEY THE ONE,1.0,1251486.48,2741351.34
Conut Jnah,Person_0137,2026-01-01,2026-01-30,DELIVERY CHARGE,1.0,238378.38,2741351.34
Conut Jnah,Person_0137,2026-01-01,2026-01-30,CHIMNEY BOSTON CHEESECAKE,1.0,1311081.08,3992837.83
Conut Jnah,Person_0137,2026-01-01,2026-01-30,CHIMNEY THE ONE,1.0,1251486.48,3992837.83
Conut Jnah,Person_0137,2026-01-01,2026-01-30,CHIMNEY THE ORIGINAL,1.0,1191891.89,3992837.83
Conut Jnah,Person_0137,2026-01-01,2026-01-30,DELIVERY CHARGE,1.0,238378.38,3992837.83
Conut Jnah,Person_0137,2026-01-01,2026-01-30,CHIMNEY BERRY MIX,1.0,1251486.48,1489864.86
Conut Jnah,Person_0137,2026-01-01,2026-01-30,DELIVERY CHARGE,1.0,238378.38,1489864.86
Conut Jnah,Person_0137,2026-01-01,2026-01-30,CHIMNEY THE ONE,1.0,1251486.48,2741351.34
Conut Jnah,Person_0137,2026-01-01,2026-01-30,CHIMNEY THE ONE,1.0,1251486.48,2741351.34
Conut Jnah,Person_0137,2026-01-01,2026-01-30,DELIVERY CHARGE,1.0,238378.38,2741351.34
Conut Jnah,Person_0137,2026-01-01,2026-01-30,CHIMNEY THE ONE,1.0,1251486.48,1489864.86
Conut Jnah,Person_0137,2026-01-01,2026-01-30,DELIVERY CHARGE,1.0,238378.38,1489864.86
Conut Jnah,Person_0137,2026-01-01,2026-01-30,CHIMNEY THE ONE,1.0,1251486.48,1489864.86
Conut Jnah,Person_0137,2026-01-01,2026-01-30,DELIVERY CHARGE,1.0,238378.38,1489864.86
Conut Jnah,Person_0137,2026-01-01,2026-01-30,CONUT COMBO,1.0,2741351.34,5930324.32
Conut Jnah,Person_0137,2026-01-01,2026-01-30,CONUT THE ONE,1.0,893918.92,5930324.32
Conut Jnah,Person_0137,2026-01-01,2026-01-30,CONUT THE ONE,1.0,893918.92,5930324.32
Conut Jnah,Person_0137,2026-01-01,2026-01-30,CONUT TRIPLE CHOCOLATE,1.0,924378.38,5930324.32
Conut Jnah,Person_0137,2026-01-01,2026-01-30,DELIVERY CHARGE,1.0,238378.38,5930324.32
Conut Jnah,Person_0137,2026-01-01,2026-01-30,DELIVERY CHARGE,1.0,238378.38,5930324.32
Conut Jnah,Person_0137,2026-01-01,2026-01-30,CHIMNEY THE ONE,1.0,1251486.48,1489864.86
Conut Jnah,Person_0137,2026-01-01,2026-01-30,DELIVERY CHARGE,1.0,238378.38,1489864.86
Conut Jnah,Person_0137,2026-01-01,2026-01-30,CLASSIC CHIMNEY,1.0,595945.95,1430270.28
Conut Jnah,Person_0137,2026-01-01,2026-01-30,CLASSIC CHIMNEY,1.0,595945.95,1430270.28
Conut Jnah,Person_0137,2026-01-01,2026-01-30,DELIVERY CHARGE,1.0,238378.38,1430270.28
Conut Jnah,Person_0137,2026-01-01,2026-01-30,CAFFE LATTE,1.0,417162.16,2414243.24
Conut Jnah,Person_0137,2026-01-01,2026-01-30,CHIMNEY THE ONE,1.0,1251486.48,2414243.24
Conut Jnah,Person_0137,2026-01-01,2026-01-30,DELIVERY CHARGE,1.0,238378.38,2414243.24
Conut Jnah,Person_0137,2026-01-01,2026-01-30,MINI THE ONE,1.0,507216.22,2414243.24
Conut Jnah,Person_0138,2026-01-01,2026-01-30,CHIMNEY PISTACHIO,1.0,1430270.27,6744783.76
Conut Jnah,Person_0138,2026-01-01,2026-01-30,CHIMNEY THE ONE,1.0,1251486.48,6744783.76
Conut Jnah,Person_0138,2026-01-01,2026-01-30,CHIMNEY THE ONE,1.0,1251486.48,6744783.76
Conut Jnah,Person_0138,2026-01-01,2026-01-30,CHIMNEY THE ONE,1.0,1251486.48,6744783.76
Conut Jnah,Person_0138,2026-01-01,2026-01-30,CONUT TRIPLE CHOCOLATE,1.0,924378.38,6744783.76
Conut Jnah,Person_0138,2026-01-01,2026-01-30,SINGLE ESPRESSO,1.0,238378.38,6744783.76
Conut Jnah,Person_0138,2026-01-01,2026-01-30,SINGLE ESPRESSO,1.0,238378.38,6744783.76
Conut Jnah,Person_0138,2026-01-01,2026-01-30,WATER,1.0,79459.45,6744783.76
Conut Jnah,Person_0138,2026-01-01,2026-01-30,WATER,1.0,79459.45,6744783.76
Conut Jnah,Person_0139,2026-01-01,2026-01-30,CHIMNEY THE ONE,1.0,1251486.48,4648378.38
Conut Jnah,Person_0139,2026-01-01,2026-01-30,CHIMNEY TRIPLE CHOCOLATE,1.0,1311081.08,4648378.38
Conut Jnah,Person_0139,2026-01-01,2026-01-30,CHIMNEY TRIPLE CHOCOLATE,1.0,1311081.08,4648378.38
Conut Jnah,Person_0139,2026-01-01,2026-01-30,TOFFEE NUT MILKSHAKE,1.0,774729.73,4648378.38
Conut Jnah,Person_0140,2026-01-01,2026-01-30,CHOCOLATE SAUCE,1.0,90054.05,1133621.62
Conut Jnah,Person_0140,2026-01-01,2026-01-30,CLASSIC CHIMNEY,1.0,595945.95,1133621.62
Conut Jnah,Person_0140,2026-01-01,2026-01-30,HOT MILK,1.0,178783.78,1133621.62
Conut Jnah,Person_0140,2026-01-01,2026-01-30,HOT MILK,1.0,178783.78,1133621.62
Conut Jnah,Person_0140,2026-01-01,2026-01-30,VANILLA SYRUP,1.0,90054.05,1133621.62
Conut Jnah,Person_0141,2026-01-01,2026-01-30,CHIMNEY BOSTON CHEESECAKE,1.0,1311081.08,9704648.65
Conut Jnah,Person_0141,2026-01-01,2026-01-30,CHIMNEY THE ONE,1.0,1251486.48,9704648.65
Conut Jnah,Person_0141,2026-01-01,2026-01-30,CHIMNEY THE ONE,1.0,1251486.48,9704648.65
Conut Jnah,Person_0141,2026-01-01,2026-01-30,CHIMNEY THE ONE,1.0,1251486.48,9704648.65
Conut Jnah,Person_0141,2026-01-01,2026-01-30,CHIMNEY TRIPLE CHOCOLATE,1.0,1311081.08,9704648.65
Conut Jnah,Person_0141,2026-01-01,2026-01-30,CHIMNEY TRIPLE CHOCOLATE,1.0,1311081.08,9704648.65
Conut Jnah,Person_0141,2026-01-01,2026-01-30,CLASSIC CHIMNEY,1.0,595945.95,9704648.65
Conut Jnah,Person_0141,2026-01-01,2026-01-30,FRUIT LOOPS MILKSHAKE,1.0,774729.73,9704648.65
Conut Jnah,Person_0141,2026-01-01,2026-01-30,MINI THE ONE,1.0,507216.22,9704648.65
Conut Jnah,Person_0141,2026-01-01,2026-01-30,"PISTACHIO SAUCE ,(P)",1.0,40540.54,9704648.65
Conut Jnah,Person_0141,2026-01-01,2026-01-30,WATER,1.0,79459.45,9704648.65
Conut Jnah,Person_0142,2026-01-01,2026-01-30,BLUEBERRIES.,1.0,238378.38,12594324.28
Conut Jnah,Person_0142,2026-01-01,2026-01-30,BLUEBERRIES.,1.0,238378.38,12594324.28
Conut Jnah,Person_0142,2026-01-01,2026-01-30,BLUEBERRIES.,1.0,238378.38,12594324.28
Conut Jnah,Person_0142,2026-01-01,2026-01-30,BROWNIES.,1.0,178783.78,12594324.28
Conut Jnah,Person_0142,2026-01-01,2026-01-30,CAFFE LATTE,1.0,417162.16,12594324.28
Conut Jnah,Person_0142,2026-01-01,2026-01-30,CARAMEL MACHIATO,1.0,536351.34,12594324.28
Conut Jnah,Person_0142,2026-01-01,2026-01-30,CHIMNEY BERRY MIX,1.0,1251486.48,12594324.28
Conut Jnah,Person_0142,2026-01-01,2026-01-30,CHIMNEY PISTACHIO,1.0,1430270.27,12594324.28
Conut Jnah,Person_0142,2026-01-01,2026-01-30,CHIMNEY THE ONE,1.0,1251486.48,12594324.28
Conut Jnah,Person_0142,2026-01-01,2026-01-30,CHIMNEY THE ONE,1.0,1251486.48,12594324.28
Conut Jnah,Person_0142,2026-01-01,2026-01-30,CHIMNEY THE ONE,1.0,1251486.48,12594324.28
Conut Jnah,Person_0142,2026-01-01,2026-01-30,CHIMNEY THE ONE,1.0,1251486.48,12594324.28
Conut Jnah,Person_0142,2026-01-01,2026-01-30,CHIMNEY THE ONE,1.0,1251486.48,12594324.28
Conut Jnah,Person_0142,2026-01-01,2026-01-30,CLASSIC CHIMNEY,1.0,595945.95,12594324.28
Conut Jnah,Person_0142,2026-01-01,2026-01-30,DOUBLE CHOCOLATE MILKSHAKE,1.0,774729.73,12594324.28
Conut Jnah,Person_0142,2026-01-01,2026-01-30,NUTELLA SAUCE.,1.0,178783.78,12594324.28
Conut Jnah,Person_0142,2026-01-01,2026-01-30,NUTELLA SPREAD CHIMNEY,1.0,178783.78,12594324.28
Conut Jnah,Person_0142,2026-01-01,2026-01-30,WATER,1.0,79459.45,12594324.28
Conut Jnah,Person_0143,2026-01-01,2026-01-30,AFFOGATO,1.0,536351.34,536351.34
Conut Jnah,Person_0144,2026-01-01,2026-01-30,CAFFE LATTE,1.0,417162.16,4330540.52
Conut Jnah,Person_0144,2026-01-01,2026-01-30,CHIMNEY THE ONE,1.0,1251486.48,4330540.52
Conut Jnah,Person_0144,2026-01-01,2026-01-30,CHIMNEY THE ONE,1.0,1251486.48,4330540.52
Conut Jnah,Person_0144,2026-01-01,2026-01-30,CHIMNEY THE ONE,1.0,1251486.48,4330540.52
Conut Jnah,Person_0144,2026-01-01,2026-01-30,WATER,1.0,79459.45,4330540.52
Conut Jnah,Person_0144,2026-01-01,2026-01-30,WATER,1.0,79459.45,4330540.52
Conut Jnah,Person_0145,2026-01-01,2026-01-30,DELIVERY CHARGE,1.0,238378.38,1283270.28
Conut Jnah,Person_0145,2026-01-01,2026-01-30,MINI BERRY MIX,1.0,507216.22,1283270.28
Conut Jnah,Person_0145,2026-01-01,2026-01-30,MINI THE ONE,1.0,507216.22,1283270.28
Conut Jnah,Person_0145,2026-01-01,2026-01-30,PISTACHIO SPREAD MINI.,1.0,30459.46,1283270.28
Conut Jnah,Person_0147,2026-01-01,2026-01-30,CHIMNEY THE ONE,1.0,1251486.48,5442972.95
Conut Jnah,Person_0147,2026-01-01,2026-01-30,CHIMNEY THE ONE,1.0,1251486.48,5442972.95
Conut Jnah,Person_0147,2026-01-01,2026-01-30,SINGLE ESPRESSO,1.0,238378.38,5442972.95
Conut Jnah,Person_0147,2026-01-01,2026-01-30,TIRAMISU CHIMNEY,1.0,1311081.08,5442972.95
Conut Jnah,Person_0147,2026-01-01,2026-01-30,TIRAMISU CHIMNEY,1.0,1311081.08,5442972.95
Conut Jnah,Person_0147,2026-01-01,2026-01-30,WATER,1.0,79459.45,5442972.95
Conut Jnah,Person_0148,2026-01-01,2026-01-30,ADD ICE CREAM,1.0,476756.75,6799081.06
Conut Jnah,Person_0148,2026-01-01,2026-01-30,CAFE MOCHA,1.0,507216.22,6799081.06
Conut Jnah,Person_0148,2026-01-01,2026-01-30,CAFFE LATTE,1.0,417162.16,6799081.06
Conut Jnah,Person_0148,2026-01-01,2026-01-30,CHIMNEY THE ONE,1.0,1251486.48,6799081.06
Conut Jnah,Person_0148,2026-01-01,2026-01-30,CONUT TRIPLE CHOCOLATE,1.0,924378.38,6799081.06
Conut Jnah,Person_0148,2026-01-01,2026-01-30,CONUT TRIPLE CHOCOLATE,1.0,924378.38,6799081.06
Conut Jnah,Person_0148,2026-01-01,2026-01-30,DOUBLE ESPRESSO,1.0,328432.43,6799081.06
Conut Jnah,Person_0148,2026-01-01,2026-01-30,DOUBLE ESPRESSO,1.0,328432.43,6799081.06
Conut Jnah,Person_0148,2026-01-01,2026-01-30,DOUBLE ESPRESSO,1.0,328432.43,6799081.06
Conut Jnah,Person_0148,2026-01-01,2026-01-30,DOUBLE ESPRESSO,1.0,328432.43,6799081.06
Conut Jnah,Person_0148,2026-01-01,2026-01-30,ICED SHAKEN ESPRESSO,1.0,507216.22,6799081.06
Conut Jnah,Person_0148,2026-01-01,2026-01-30,SINGLE ESPRESSO,1.0,238378.38,6799081.06
Conut Jnah,Person_0148,2026-01-01,2026-01-30,SINGLE ESPRESSO,1.0,238378.38,6799081.06
Conut Jnah,Person_0149,2026-01-01,2026-01-30,CLASSIC CHIMNEY,1.0,595945.95,2205000.0
Conut Jnah,Person_0149,2026-01-01,2026-01-30,CLASSIC CHIMNEY,1.0,595945.95,2205000.0
Conut Jnah,Person_0149,2026-01-01,2026-01-30,DELIVERY CHARGE,1.0,238378.38,2205000.0
Conut Jnah,Person_0149,2026-01-01,2026-01-30,PISTACHIO SPREAD CHIMNEY.,1.0,59594.59,2205000.0
Conut Jnah,Person_0149,2026-01-01,2026-01-30,STRAWBERRY.,1.0,178783.78,2205000.0
Conut Jnah,Person_0149,2026-01-01,2026-01-30,STRAWBERRY.,1.0,178783.78,2205000.0
Conut Jnah,Person_0149,2026-01-01,2026-01-30,STRAWBERRY.,1.0,178783.78,2205000.0
Conut Jnah,Person_0149,2026-01-01,2026-01-30,STRAWBERRY.,1.0,178783.78,2205000.0
Conut Jnah,Person_0150,2026-01-01,2026-01-30,ADD ICE CREAM,1.0,476756.75,2533432.43
Conut Jnah,Person_0150,2026-01-01,2026-01-30,CONUT THE ONE,1.0,893918.92,2533432.43
Conut Jnah,Person_0150,2026-01-01,2026-01-30,CONUT TRIPLE CHOCOLATE,1.0,924378.38,2533432.43
Conut Jnah,Person_0150,2026-01-01,2026-01-30,DELIVERY CHARGE,1.0,238378.38,2533432.43
Conut Jnah,Person_0151,2026-01-01,2026-01-30,CLASSIC CHIMNEY,1.0,595945.95,1728243.25
Conut Jnah,Person_0151,2026-01-01,2026-01-30,CONUT THE ONE,1.0,893918.92,1728243.25
Conut Jnah,Person_0151,2026-01-01,2026-01-30,DELIVERY CHARGE,1.0,238378.38,1728243.25
Conut Jnah,Person_0152,2026-01-01,2026-01-30,"BLUEBERRIES , (P)",1.0,40540.54,4710621.62
Conut Jnah,Person_0152,2026-01-01,2026-01-30,"BLUEBERRIES, (P)",1.0,20720.72,4710621.62
Conut Jnah,Person_0152,2026-01-01,2026-01-30,CHIMNEY THE ORIGINAL,1.0,1191891.89,4710621.62
Conut Jnah,Person_0152,2026-01-01,2026-01-30,CONUT BOSTON CHEESECAKE,1.0,924378.38,4710621.62
Conut Jnah,Person_0152,2026-01-01,2026-01-30,CONUT THE ONE,1.0,893918.92,4710621.62
Conut Jnah,Person_0152,2026-01-01,2026-01-30,CONUT TRIPLE CHOCOLATE,1.0,924378.38,4710621.62
Conut Jnah,Person_0152,2026-01-01,2026-01-30,DELIVERY CHARGE,1.0,238378.38,4710621.62
Conut Jnah,Person_0152,2026-01-01,2026-01-30,RASPBERRIES (P),1.0,119189.19,4710621.62
Conut Jnah,Person_0152,2026-01-01,2026-01-30,RASPBERRIES.,1.0,238378.38,4710621.62
Conut Jnah,Person_0152,2026-01-01,2026-01-30,STRAWBERRIES (R),1.0,90054.05,4710621.62
Conut Jnah,Person_0153,2026-01-01,2026-01-30,CHIMNEY THE ONE,1.0,1251486.48,2741351.34
Conut Jnah,Person_0153,2026-01-01,2026-01-30,CHIMNEY THE ONE,1.0,1251486.48,2741351.34
Conut Jnah,Person_0153,2026-01-01,2026-01-30,DELIVERY CHARGE,1.0,238378.38,2741351.34
Conut Jnah,Person_0154,2026-01-01,2026-01-30,DELIVERY CHARGE,1.0,238378.38,1877891.9
Conut Jnah,Person_0154,2026-01-01,2026-01-30,MINI BOSTON CHEESECAKE,1.0,536351.34,1877891.9
Conut Jnah,Person_0154,2026-01-01,2026-01-30,MINI THE ONE,1.0,507216.22,1877891.9
Conut Jnah,Person_0154,2026-01-01,2026-01-30,TIRAMISU MINI CONUT,1.0,595945.95,1877891.9
Conut Jnah,Person_0155,2026-01-01,2026-01-30,CONUT THE ONE,1.0,893918.92,1132297.3
Conut Jnah,Person_0155,2026-01-01,2026-01-30,DELIVERY CHARGE,1.0,238378.38,1132297.3
Conut Jnah,Person_0156,2026-01-01,2026-01-30,CONUT BERRY MIX,-1.0,-893918.92,0.0
Conut Jnah,Person_0156,2026-01-01,2026-01-30,CONUT BERRY MIX,1.0,893918.92,0.0
Conut Jnah,Person_0156,2026-01-01,2026-01-30,DELIVERY CHARGE,1.0,238378.38,0.0
Conut Jnah,Person_0156,2026-01-01,2026-01-30,DELIVERY CHARGE,-1.0,-238378.38,0.0
Conut Jnah,Person_0157,2026-01-01,2026-01-30,BLUEBERRIES.,1.0,238378.38,2324189.17
Conut Jnah,Person_0157,2026-01-01,2026-01-30,CHIMNEY THE ONE,1.0,1251486.48,2324189.17
Conut Jnah,Person_0157,2026-01-01,2026-01-30,CRUSHED LOTUS.,1.0,178783.78,2324189.17
Conut Jnah,Person_0157,2026-01-01,2026-01-30,DELIVERY CHARGE,1.0,238378.38,2324189.17
Conut Jnah,Person_0157,2026-01-01,2026-01-30,LOTUS SAUCE.,1.0,178783.78,2324189.17
Conut Jnah,Person_0157,2026-01-01,2026-01-30,PISTACHIO SPREAD CHIMNEY,1.0,238378.38,2324189.17
Conut Jnah,Person_0158,2026-01-01,2026-01-30,ADD ICE CREAM,1.0,476756.75,1311081.08
Conut Jnah,Person_0158,2026-01-01,2026-01-30,CLASSIC CHIMNEY,1.0,595945.95,1311081.08
Conut Jnah,Person_0158,2026-01-01,2026-01-30,DELIVERY CHARGE,1.0,238378.38,1311081.08
Conut Jnah,Person_0159,2026-01-01,2026-01-30,ADD ICE CREAM,1.0,476756.75,3456486.48
Conut Jnah,Person_0159,2026-01-01,2026-01-30,ADD ICE CREAM,1.0,476756.75,3456486.48
Conut Jnah,Person_0159,2026-01-01,2026-01-30,ADD ICE CREAM,1.0,476756.75,3456486.48
Conut Jnah,Person_0159,2026-01-01,2026-01-30,CLASSIC CHIMNEY,1.0,595945.95,3456486.48
Conut Jnah,Person_0159,2026-01-01,2026-01-30,CLASSIC CHIMNEY,1.0,595945.95,3456486.48
Conut Jnah,Person_0159,2026-01-01,2026-01-30,CLASSIC CHIMNEY,1.0,595945.95,3456486.48
Conut Jnah,Person_0159,2026-01-01,2026-01-30,DELIVERY CHARGE,1.0,238378.38,3456486.48
Conut Jnah,Person_0160,2026-01-01,2026-01-30,DELIVERY CHARGE,1.0,238378.38,1907027.03
Conut Jnah,Person_0160,2026-01-01,2026-01-30,THE SHARING BOX.,1.0,1668648.66,1907027.03
Conut Jnah,Person_0161,2026-01-01,2026-01-30,CHIMNEY THE ORIGINAL,1.0,1191891.89,4171621.61
Conut Jnah,Person_0161,2026-01-01,2026-01-30,CHIMNEY THE ORIGINAL,1.0,1191891.89,4171621.61
Conut Jnah,Person_0161,2026-01-01,2026-01-30,CHIMNEY THE ORIGINAL,1.0,1191891.89,4171621.61
Conut Jnah,Person_0161,2026-01-01,2026-01-30,DELIVERY CHARGE,1.0,238378.38,4171621.61
Conut Jnah,Person_0161,2026-01-01,2026-01-30,DELIVERY CHARGE,1.0,238378.38,4171621.61
Conut Jnah,Person_0161,2026-01-01,2026-01-30,"RASPBERRIES ,(P)",1.0,40540.54,4171621.61
Conut Jnah,Person_0161,2026-01-01,2026-01-30,"RASPBERRIES ,(P)",1.0,40540.54,4171621.61
Conut Jnah,Person_0162,2026-01-01,2026-01-30,CLASSIC CHIMNEY,1.0,595945.95,3218108.14
Conut Jnah,Person_0162,2026-01-01,2026-01-30,CLASSIC CHIMNEY,1.0,595945.95,3218108.14
Conut Jnah,Person_0162,2026-01-01,2026-01-30,CLASSIC CHIMNEY,1.0,595945.95,3218108.14
Conut Jnah,Person_0162,2026-01-01,2026-01-30,CLASSIC CHIMNEY,1.0,595945.95,3218108.14
Conut Jnah,Person_0162,2026-01-01,2026-01-30,CLASSIC CHIMNEY,1.0,595945.95,3218108.14
Conut Jnah,Person_0162,2026-01-01,2026-01-30,DELIVERY CHARGE,1.0,238378.38,3218108.14
Conut Jnah,Person_0163,2026-01-01,2026-01-30,CHIMNEY THE ORIGINAL,1.0,1191891.89,2205000.0
Conut Jnah,Person_0163,2026-01-01,2026-01-30,CLASSIC CHIMNEY,1.0,595945.95,2205000.0
Conut Jnah,Person_0163,2026-01-01,2026-01-30,DELIVERY CHARGE,1.0,238378.38,2205000.0
Conut Jnah,Person_0163,2026-01-01,2026-01-30,STRAWBERRY.,1.0,178783.78,2205000.0
Conut Jnah,Person_0164,2026-01-01,2026-01-30,CHIMNEY THE ONE,1.0,1251486.48,1489864.86
Conut Jnah,Person_0164,2026-01-01,2026-01-30,DELIVERY CHARGE,1.0,238378.38,1489864.86
Conut Jnah,Person_0165,2026-01-01,2026-01-30,CHIMNEY THE ONE,1.0,1251486.48,2741351.34
Conut Jnah,Person_0165,2026-01-01,2026-01-30,CHIMNEY THE ONE,1.0,1251486.48,2741351.34
Conut Jnah,Person_0165,2026-01-01,2026-01-30,DELIVERY CHARGE,1.0,238378.38,2741351.34
Conut Jnah,Person_0166,2026-01-01,2026-01-30,DELIVERY CHARGE,1.0,238378.38,1907027.03
Conut Jnah,Person_0166,2026-01-01,2026-01-30,THE SHARING BOX.,1.0,1668648.66,1907027.03
Conut Jnah,Person_0167,2026-01-01,2026-01-30,CHIMNEY PISTACHIO,1.0,1430270.27,3158513.5
Conut Jnah,Person_0167,2026-01-01,2026-01-30,CLASSIC CHIMNEY,1.0,595945.95,3158513.5
Conut Jnah,Person_0167,2026-01-01,2026-01-30,DELIVERY CHARGE,1.0,238378.38,3158513.5
Conut Jnah,Person_0167,2026-01-01,2026-01-30,DELIVERY CHARGE,1.0,238378.38,3158513.5
Conut Jnah,Person_0167,2026-01-01,2026-01-30,PISTACHIO SAUCE.,1.0,238378.38,3158513.5
Conut Jnah,Person_0167,2026-01-01,2026-01-30,PISTACHIO SAUCE.,1.0,238378.38,3158513.5
Conut Jnah,Person_0167,2026-01-01,2026-01-30,STRAWBERRY.,1.0,178783.78,3158513.5
Conut Jnah,Person_0168,2026-01-01,2026-01-30,CHIMNEY THE ORIGINAL,1.0,1191891.89,2622162.16
Conut Jnah,Person_0168,2026-01-01,2026-01-30,CHIMNEY THE ORIGINAL,1.0,1191891.89,2622162.16
Conut Jnah,Person_0168,2026-01-01,2026-01-30,DELIVERY CHARGE,1.0,238378.38,2622162.16
Conut Jnah,Person_0169,2026-01-01,2026-01-30,ADD ICE CREAM,1.0,476756.75,7389729.69
Conut Jnah,Person_0169,2026-01-01,2026-01-30,ADD ICE CREAM,1.0,476756.75,7389729.69
Conut Jnah,Person_0169,2026-01-01,2026-01-30,ADD ICE CREAM,1.0,476756.75,7389729.69
Conut Jnah,Person_0169,2026-01-01,2026-01-30,ADD ICE CREAM,1.0,476756.75,7389729.69
Conut Jnah,Person_0169,2026-01-01,2026-01-30,"BLUEBERRIES , (P)",1.0,40540.54,7389729.69
Conut Jnah,Person_0169,2026-01-01,2026-01-30,"BLUEBERRIES , (P)",1.0,40540.54,7389729.69
Conut Jnah,Person_0169,2026-01-01,2026-01-30,CHIMNEY THE ONE,1.0,1251486.48,7389729.69
Conut Jnah,Person_0169,2026-01-01,2026-01-30,CHIMNEY THE ONE,1.0,1251486.48,7389729.69
Conut Jnah,Person_0169,2026-01-01,2026-01-30,CHIMNEY TRIPLE CHOCOLATE,1.0,1311081.08,7389729.69
Conut Jnah,Person_0169,2026-01-01,2026-01-30,CHIMNEY TRIPLE CHOCOLATE,1.0,1311081.08,7389729.69
Conut Jnah,Person_0169,2026-01-01,2026-01-30,DELIVERY CHARGE,1.0,238378.38,7389729.69
Conut Jnah,Person_0170,2026-01-01,2026-01-30,DELIVERY CHARGE,1.0,238378.38,745594.6
Conut Jnah,Person_0170,2026-01-01,2026-01-30,MINI BERRY MIX,1.0,507216.22,745594.6
Conut Jnah,Person_0171,2026-01-01,2026-01-30,ADD ICE CREAM,1.0,476756.75,3933243.22
Conut Jnah,Person_0171,2026-01-01,2026-01-30,ADD ICE CREAM,1.0,476756.75,3933243.22
Conut Jnah,Person_0171,2026-01-01,2026-01-30,CHIMNEY THE ONE,1.0,1251486.48,3933243.22
Conut Jnah,Person_0171,2026-01-01,2026-01-30,CHIMNEY TRIPLE CHOCOLATE,1.0,1311081.08,3933243.22
Conut Jnah,Person_0171,2026-01-01,2026-01-30,DELIVERY CHARGE,1.0,238378.38,3933243.22
Conut Jnah,Person_0171,2026-01-01,2026-01-30,STRAWBERRY.,1.0,178783.78,3933243.22
Conut Jnah,Person_0172,2026-01-01,2026-01-30,CHIMNEY BERRY MIX,1.0,1251486.48,2085810.81
Conut Jnah,Person_0172,2026-01-01,2026-01-30,CLASSIC CHIMNEY,1.0,595945.95,2085810.81
Conut Jnah,Person_0172,2026-01-01,2026-01-30,DELIVERY CHARGE,1.0,238378.38,2085810.81
Conut Jnah,Person_0173,2026-01-01,2026-01-30,CHIMNEY THE ONE,1.0,1251486.48,2681756.77
Conut Jnah,Person_0173,2026-01-01,2026-01-30,CLASSIC CHIMNEY,1.0,595945.95,2681756.77
Conut Jnah,Person_0173,2026-01-01,2026-01-30,CLASSIC CHIMNEY,1.0,595945.95,2681756.77
Conut Jnah,Person_0173,2026-01-01,2026-01-30,DELIVERY CHARGE,1.0,238378.38,2681756.77
Conut Jnah,Person_0174,2026-01-01,2026-01-30,CHIMNEY BERRY MIX,1.0,1251486.48,3873648.64
Conut Jnah,Person_0174,2026-01-01,2026-01-30,CHIMNEY THE ORIGINAL,1.0,1191891.89,3873648.64
Conut Jnah,Person_0174,2026-01-01,2026-01-30,CHIMNEY THE ORIGINAL,1.0,1191891.89,3873648.64
Conut Jnah,Person_0174,2026-01-01,2026-01-30,DELIVERY CHARGE,1.0,238378.38,3873648.64
Conut Jnah,Person_0175,2026-01-01,2026-01-30,CHIMNEY TRIPLE CHOCOLATE,1.0,1311081.08,1549459.45
Conut Jnah,Person_0175,2026-01-01,2026-01-30,DELIVERY CHARGE,1.0,238378.38,1549459.45
Conut Jnah,Person_0176,2026-01-01,2026-01-30,CONUT THE ONE,1.0,893918.92,1132297.3
Conut Jnah,Person_0176,2026-01-01,2026-01-30,DELIVERY CHARGE,1.0,238378.38,1132297.3
Conut Jnah,Person_0177,2026-01-01,2026-01-30,CINNAMON SUGAR RINGS,1.0,417162.16,2504297.29
Conut Jnah,Person_0177,2026-01-01,2026-01-30,CONUT BOSTON CHEESECAKE,1.0,924378.38,2504297.29
Conut Jnah,Person_0177,2026-01-01,2026-01-30,CONUT TRIPLE CHOCOLATE,1.0,924378.38,2504297.29
Conut Jnah,Person_0177,2026-01-01,2026-01-30,DELIVERY CHARGE,1.0,238378.38,2504297.29
Conut Jnah,Person_0178,2026-01-01,2026-01-30,BROWNIES.,1.0,178783.78,1370675.67
Conut Jnah,Person_0178,2026-01-01,2026-01-30,CLASSIC CHIMNEY,1.0,595945.95,1370675.67
Conut Jnah,Person_0178,2026-01-01,2026-01-30,DELIVERY CHARGE,1.0,238378.38,1370675.67
Conut Jnah,Person_0178,2026-01-01,2026-01-30,STRAWBERRY.,1.0,178783.78,1370675.67
Conut Jnah,Person_0178,2026-01-01,2026-01-30,WHITE CHOCOLATE SPREAD CHIMNEY,1.0,178783.78,1370675.67
Conut Jnah,Person_0179,2026-01-01,2026-01-30,CHIMNEY TRIPLE CHOCOLATE,1.0,1311081.08,1549459.45
Conut Jnah,Person_0179,2026-01-01,2026-01-30,DELIVERY CHARGE,1.0,238378.38,1549459.45
Conut Jnah,Person_0180,2026-01-01,2026-01-30,CINNAMON SUGAR RINGS,1.0,417162.16,2681756.75
Conut Jnah,Person_0180,2026-01-01,2026-01-30,CINNAMON SUGAR RINGS,1.0,417162.16,2681756.75
Conut Jnah,Person_0180,2026-01-01,2026-01-30,CINNAMON SUGAR RINGS,1.0,417162.16,2681756.75
Conut Jnah,Person_0180,2026-01-01,2026-01-30,CLASSIC CHIMNEY,1.0,595945.95,2681756.75
Conut Jnah,Person_0180,2026-01-01,2026-01-30,CLASSIC CHIMNEY,1.0,595945.95,2681756.75
Conut Jnah,Person_0180,2026-01-01,2026-01-30,DELIVERY CHARGE,1.0,238378.38,2681756.75
Conut Jnah,Person_0181,2026-01-01,2026-01-30,CHIMNEY THE ONE,1.0,1251486.48,1489864.86
Conut Jnah,Person_0181,2026-01-01,2026-01-30,DELIVERY CHARGE,1.0,238378.38,1489864.86
Conut Jnah,Person_0182,2026-01-01,2026-01-30,CHIMNEY BERRY MIX,1.0,1251486.48,12753243.22
Conut Jnah,Person_0182,2026-01-01,2026-01-30,CHIMNEY BERRY MIX,1.0,1251486.48,12753243.22
Conut Jnah,Person_0182,2026-01-01,2026-01-30,CONUT COMBO,1.0,2741351.34,12753243.22
Conut Jnah,Person_0182,2026-01-01,2026-01-30,CONUT COMBO,1.0,2741351.34,12753243.22
Conut Jnah,Person_0182,2026-01-01,2026-01-30,CONUT PISTACHIO,1.0,1013108.11,12753243.22
Conut Jnah,Person_0182,2026-01-01,2026-01-30,CONUT PISTACHIO,1.0,1013108.11,12753243.22
Conut Jnah,Person_0182,2026-01-01,2026-01-30,CONUT PISTACHIO,1.0,1013108.11,12753243.22
Conut Jnah,Person_0182,2026-01-01,2026-01-30,CONUT PISTACHIO,1.0,1013108.11,12753243.22
Conut Jnah,Person_0182,2026-01-01,2026-01-30,DELIVERY CHARGE,1.0,238378.38,12753243.22
Conut Jnah,Person_0182,2026-01-01,2026-01-30,DELIVERY CHARGE,1.0,238378.38,12753243.22
Conut Jnah,Person_0182,2026-01-01,2026-01-30,DELIVERY CHARGE,1.0,238378.38,12753243.22
Conut Jnah,Person_0183,2026-01-01,2026-01-30,CHIMNEY THE ONE,1.0,1251486.48,2264594.59
Conut Jnah,Person_0183,2026-01-01,2026-01-30,CLASSIC CHIMNEY,1.0,595945.95,2264594.59
Conut Jnah,Person_0183,2026-01-01,2026-01-30,CRUSHED LOTUS.,1.0,178783.78,2264594.59
Conut Jnah,Person_0183,2026-01-01,2026-01-30,DELIVERY CHARGE,1.0,238378.38,2264594.59
Conut Jnah,Person_0184,2026-01-01,2026-01-30,CHIMNEY PISTACHIO,1.0,1430270.27,2562567.56
Conut Jnah,Person_0184,2026-01-01,2026-01-30,CONUT THE ONE,1.0,893918.92,2562567.56
Conut Jnah,Person_0184,2026-01-01,2026-01-30,DELIVERY CHARGE,1.0,238378.38,2562567.56
Conut Jnah,Person_0185,2026-01-01,2026-01-30,CHIMNEY THE ORIGINAL,1.0,1191891.89,2324189.19
Conut Jnah,Person_0185,2026-01-01,2026-01-30,CONUT THE ONE,1.0,893918.92,2324189.19
Conut Jnah,Person_0185,2026-01-01,2026-01-30,DELIVERY CHARGE,1.0,238378.38,2324189.19
Conut Jnah,Person_0186,2026-01-01,2026-01-30,CHIMNEY THE ONE,1.0,1251486.48,3338621.62
Conut Jnah,Person_0186,2026-01-01,2026-01-30,CONUT BOSTON CHEESECAKE,1.0,924378.38,3338621.62
Conut Jnah,Person_0186,2026-01-01,2026-01-30,CONUT TRIPLE CHOCOLATE,1.0,924378.38,3338621.62
Conut Jnah,Person_0186,2026-01-01,2026-01-30,DELIVERY CHARGE,1.0,238378.38,3338621.62
Conut Jnah,Person_0187,2026-01-01,2026-01-30,CHIMNEY THE ORIGINAL,1.0,1191891.89,2383783.78
Conut Jnah,Person_0187,2026-01-01,2026-01-30,CLASSIC CHIMNEY,1.0,595945.95,2383783.78
Conut Jnah,Person_0187,2026-01-01,2026-01-30,DELIVERY CHARGE,1.0,238378.38,2383783.78
Conut Jnah,Person_0187,2026-01-01,2026-01-30,LOTUS SPREAD CHIMNEY,1.0,178783.78,2383783.78
Conut Jnah,Person_0187,2026-01-01,2026-01-30,STRAWBERRY.,1.0,178783.78,2383783.78
Conut Jnah,Person_0188,2026-01-01,2026-01-30,CHIMNEY THE ONE,1.0,1251486.48,1489864.86
Conut Jnah,Person_0188,2026-01-01,2026-01-30,DELIVERY CHARGE,1.0,238378.38,1489864.86
Conut Jnah,Person_0189,2026-01-01,2026-01-30,CONUT THE ONE,-1.0,-893918.92,2026216.22
Conut Jnah,Person_0189,2026-01-01,2026-01-30,CONUT THE ONE,1.0,893918.92,2026216.22
Conut Jnah,Person_0189,2026-01-01,2026-01-30,CONUT THE ONE,1.0,893918.92,2026216.22
Conut Jnah,Person_0189,2026-01-01,2026-01-30,CONUT THE ONE,1.0,893918.92,2026216.22
Conut Jnah,Person_0189,2026-01-01,2026-01-30,DELIVERY CHARGE,1.0,238378.38,2026216.22
Conut Jnah,Person_0189,2026-01-01,2026-01-30,DELIVERY CHARGE,1.0,238378.38,2026216.22
Conut Jnah,Person_0189,2026-01-01,2026-01-30,DELIVERY CHARGE,-1.0,-238378.38,2026216.22
Conut Jnah,Person_0190,2026-01-01,2026-01-30,CONUT THE ONE,1.0,893918.92,1132297.3
Conut Jnah,Person_0190,2026-01-01,2026-01-30,DELIVERY CHARGE,1.0,238378.38,1132297.3
Conut Jnah,Person_0191,2026-01-01,2026-01-30,ADD ICE CREAM,1.0,476756.75,4678837.83
Conut Jnah,Person_0191,2026-01-01,2026-01-30,ADD ICE CREAM,1.0,476756.75,4678837.83
Conut Jnah,Person_0191,2026-01-01,2026-01-30,ADD ICE CREAM,-1.0,-476756.75,4678837.83
Conut Jnah,Person_0191,2026-01-01,2026-01-30,CHIMNEY THE ONE,-1.0,-1251486.48,4678837.83
Conut Jnah,Person_0191,2026-01-01,2026-01-30,CHIMNEY THE ONE,-1.0,-1251486.48,4678837.83
Conut Jnah,Person_0191,2026-01-01,2026-01-30,CHIMNEY THE ONE,-1.0,-1251486.48,4678837.83
Conut Jnah,Person_0191,2026-01-01,2026-01-30,CHIMNEY THE ONE,1.0,1251486.48,4678837.83
Conut Jnah,Person_0191,2026-01-01,2026-01-30,CHIMNEY THE ONE,1.0,1251486.48,4678837.83
Conut Jnah,Person_0191,2026-01-01,2026-01-30,CHIMNEY THE ONE,1.0,1251486.48,4678837.83
Conut Jnah,Person_0191,2026-01-01,2026-01-30,CHIMNEY THE ORIGINAL,1.0,1191891.89,4678837.83
Conut Jnah,Person_0191,2026-01-01,2026-01-30,CHIMNEY THE ORIGINAL,1.0,1191891.89,4678837.83
Conut Jnah,Person_0191,2026-01-01,2026-01-30,CHIMNEY THE ORIGINAL,-1.0,-1191891.89,4678837.83
Conut Jnah,Person_0191,2026-01-01,2026-01-30,CONUT THE ONE,1.0,893918.92,4678837.83
Conut Jnah,Person_0191,2026-01-01,2026-01-30,CONUT THE ONE,1.0,893918.92,4678837.83
Conut Jnah,Person_0191,2026-01-01,2026-01-30,CONUT THE ONE,1.0,893918.92,4678837.83
Conut Jnah,Person_0191,2026-01-01,2026-01-30,DELIVERY CHARGE,1.0,238378.38,4678837.83
Conut Jnah,Person_0191,2026-01-01,2026-01-30,DELIVERY CHARGE,1.0,238378.38,4678837.83
Conut Jnah,Person_0191,2026-01-01,2026-01-30,DELIVERY CHARGE,-1.0,-238378.38,4678837.83
Conut Jnah,Person_0191,2026-01-01,2026-01-30,STRAWBERRIES (R),1.0,90054.05,4678837.83
Conut Jnah,Person_0191,2026-01-01,2026-01-30,STRAWBERRY.,-1.0,-178783.78,4678837.83
Conut Jnah,Person_0191,2026-01-01,2026-01-30,STRAWBERRY.,1.0,178783.78,4678837.83
Conut Jnah,Person_0192,2026-01-01,2026-01-30,CLASSIC CHIMNEY,1.0,595945.95,2681756.77
Conut Jnah,Person_0192,2026-01-01,2026-01-30,DELIVERY CHARGE,1.0,238378.38,2681756.77
Conut Jnah,Person_0192,2026-01-01,2026-01-30,STRAWBERRY.,1.0,178783.78,2681756.77
Conut Jnah,Person_0192,2026-01-01,2026-01-30,THE SHARING BOX.,1.0,1668648.66,2681756.77
Conut Jnah,Person_0193,2026-01-01,2026-01-30,"BLUEBERRIES , (P)",1.0,40540.54,2205000.0
Conut Jnah,Person_0193,2026-01-01,2026-01-30,"BLUEBERRIES , (P)",1.0,40540.54,2205000.0
Conut Jnah,Person_0193,2026-01-01,2026-01-30,CHIMNEY THE ONE,1.0,1251486.48,2205000.0
Conut Jnah,Person_0193,2026-01-01,2026-01-30,CLASSIC CHIMNEY,1.0,595945.95,2205000.0
Conut Jnah,Person_0193,2026-01-01,2026-01-30,DELIVERY CHARGE,1.0,238378.38,2205000.0
Conut Jnah,Person_0194,2026-01-01,2026-01-30,CHIMNEY THE ONE,1.0,1251486.48,4767567.55
Conut Jnah,Person_0194,2026-01-01,2026-01-30,CHIMNEY THE ONE,1.0,1251486.48,4767567.55
Conut Jnah,Person_0194,2026-01-01,2026-01-30,CHIMNEY THE ONE,1.0,1251486.48,4767567.55
Conut Jnah,Person_0194,2026-01-01,2026-01-30,DELIVERY CHARGE,1.0,238378.38,4767567.55
Conut Jnah,Person_0194,2026-01-01,2026-01-30,DELIVERY CHARGE,1.0,238378.38,4767567.55
Conut Jnah,Person_0194,2026-01-01,2026-01-30,DELIVERY CHARGE,1.0,238378.38,4767567.55
Conut Jnah,Person_0194,2026-01-01,2026-01-30,LOTUS SAUCE.,1.0,178783.78,4767567.55
Conut Jnah,Person_0194,2026-01-01,2026-01-30,"PISTACHIO SAUCE ,(P)",1.0,40540.54,4767567.55
Conut Jnah,Person_0194,2026-01-01,2026-01-30,"PISTACHIO SAUCE ,(P)",1.0,40540.54,4767567.55
Conut Jnah,Person_0195,2026-01-01,2026-01-30,CHIMNEY THE ONE,1.0,1251486.48,2414243.24
Conut Jnah,Person_0195,2026-01-01,2026-01-30,CONUT TRIPLE CHOCOLATE,1.0,924378.38,2414243.24
Conut Jnah,Person_0195,2026-01-01,2026-01-30,DELIVERY CHARGE,1.0,238378.38,2414243.24
Conut Jnah,Person_0196,2026-01-01,2026-01-30,CHIMNEY BOSTON CHEESECAKE,1.0,1311081.08,15156891.88
Conut Jnah,Person_0196,2026-01-01,2026-01-30,CHIMNEY PISTACHIO,1.0,1430270.27,15156891.88
Conut Jnah,Person_0196,2026-01-01,2026-01-30,CHIMNEY THE ONE,1.0,1251486.48,15156891.88
Conut Jnah,Person_0196,2026-01-01,2026-01-30,CHIMNEY THE ONE,1.0,1251486.48,15156891.88
Conut Jnah,Person_0196,2026-01-01,2026-01-30,CHIMNEY THE ONE,1.0,1251486.48,15156891.88
Conut Jnah,Person_0196,2026-01-01,2026-01-30,CHIMNEY THE ONE,1.0,1251486.48,15156891.88
Conut Jnah,Person_0196,2026-01-01,2026-01-30,CLASSIC CHIMNEY,1.0,595945.95,15156891.88
Conut Jnah,Person_0196,2026-01-01,2026-01-30,CONUT PISTACHIO,1.0,1013108.11,15156891.88
Conut Jnah,Person_0196,2026-01-01,2026-01-30,DELIVERY CHARGE,1.0,238378.38,15156891.88
Conut Jnah,Person_0196,2026-01-01,2026-01-30,DELIVERY CHARGE,1.0,238378.38,15156891.88
Conut Jnah,Person_0196,2026-01-01,2026-01-30,HOT CHOCOLATE COMBO,1.0,662162.16,15156891.88
Conut Jnah,Person_0196,2026-01-01,2026-01-30,HOT CHOCOLATE COMBO,1.0,662162.16,15156891.88
Conut Jnah,Person_0196,2026-01-01,2026-01-30,HOT CHOCOLATE COMBO,1.0,662162.16,15156891.88
Conut Jnah,Person_0196,2026-01-01,2026-01-30,OREO MILKSHAKE,1.0,715135.14,15156891.88
Conut Jnah,Person_0196,2026-01-01,2026-01-30,TIRAMISU CHIMNEY,1.0,1311081.08,15156891.88
Conut Jnah,Person_0196,2026-01-01,2026-01-30,TIRAMISU CHIMNEY,1.0,1311081.08,15156891.88
Conut Jnah,Person_0197,2026-01-01,2026-01-30,DELIVERY CHARGE,1.0,238378.38,1281945.94
Conut Jnah,Person_0197,2026-01-01,2026-01-30,MINI BERRY MIX,1.0,507216.22,1281945.94
Conut Jnah,Person_0197,2026-01-01,2026-01-30,MINI TRIPLE CHOCOLATE,1.0,536351.34,1281945.94
Conut Jnah,Person_0198,2026-01-01,2026-01-30,CARAMEL FRAPPE,1.0,536351.34,2026216.2
Conut Jnah,Person_0198,2026-01-01,2026-01-30,CHIMNEY THE ONE,1.0,1251486.48,2026216.2
Conut Jnah,Person_0198,2026-01-01,2026-01-30,DELIVERY CHARGE,1.0,238378.38,2026216.2
Conut Jnah,Person_0199,2026-01-01,2026-01-30,CHIMNEY BOSTON CHEESECAKE,1.0,1311081.08,3337297.28
Conut Jnah,Person_0199,2026-01-01,2026-01-30,CHIMNEY THE ONE,1.0,1251486.48,3337297.28
Conut Jnah,Person_0199,2026-01-01,2026-01-30,DELIVERY CHARGE,1.0,238378.38,3337297.28
Conut Jnah,Person_0199,2026-01-01,2026-01-30,MINI TRIPLE CHOCOLATE,1.0,536351.34,3337297.28
Conut Jnah,Person_0200,2026-01-01,2026-01-30,CARAMEL FRAPPE,1.0,536351.34,3814054.03
Conut Jnah,Person_0200,2026-01-01,2026-01-30,CARAMEL FRAPPE,1.0,536351.34,3814054.03
Conut Jnah,Person_0200,2026-01-01,2026-01-30,CHIMNEY BERRY MIX,1.0,1251486.48,3814054.03
Conut Jnah,Person_0200,2026-01-01,2026-01-30,CHIMNEY THE ONE,1.0,1251486.48,3814054.03
Conut Jnah,Person_0200,2026-01-01,2026-01-30,DELIVERY CHARGE,1.0,238378.38,3814054.03
Conut Jnah,Person_0201,2026-01-01,2026-01-30,CONUT COMBO,1.0,2741351.34,5721081.06
Conut Jnah,Person_0201,2026-01-01,2026-01-30,CONUT COMBO,1.0,2741351.34,5721081.06
Conut Jnah,Person_0201,2026-01-01,2026-01-30,DELIVERY CHARGE,1.0,238378.38,5721081.06
Conut Jnah,Person_0202,2026-01-01,2026-01-30,DELIVERY CHARGE,1.0,238378.38,0.0
Conut Jnah,Person_0202,2026-01-01,2026-01-30,DELIVERY CHARGE,-1.0,-238378.38,0.0
Conut Jnah,Person_0203,2026-01-01,2026-01-30,CHIMNEY THE ONE,1.0,1251486.48,5303918.91
Conut Jnah,Person_0203,2026-01-01,2026-01-30,CHIMNEY THE ORIGINAL,1.0,1191891.89,5303918.91
Conut Jnah,Person_0203,2026-01-01,2026-01-30,CHIMNEY TRIPLE CHOCOLATE,1.0,1311081.08,5303918.91
Conut Jnah,Person_0203,2026-01-01,2026-01-30,CHIMNEY TRIPLE CHOCOLATE,1.0,1311081.08,5303918.91
Conut Jnah,Person_0203,2026-01-01,2026-01-30,DELIVERY CHARGE,1.0,238378.38,5303918.91
Conut Jnah,Person_0204,2026-01-01,2026-01-30,CHIMNEY THE ONE,1.0,1251486.48,1668648.64
Conut Jnah,Person_0204,2026-01-01,2026-01-30,DELIVERY CHARGE,1.0,238378.38,1668648.64
Conut Jnah,Person_0204,2026-01-01,2026-01-30,LOTUS SPREAD CHIMNEY,1.0,178783.78,1668648.64
Conut Jnah,Person_0205,2026-01-01,2026-01-30,CHIMNEY THE ONE,1.0,1251486.48,1489864.86
Conut Jnah,Person_0205,2026-01-01,2026-01-30,DELIVERY CHARGE,1.0,238378.38,1489864.86
Conut Jnah,Person_0206,2026-01-01,2026-01-30,CHIMNEY PISTACHIO,1.0,1430270.27,8283648.64
Conut Jnah,Person_0206,2026-01-01,2026-01-30,CHIMNEY THE ONE,1.0,1251486.48,8283648.64
Conut Jnah,Person_0206,2026-01-01,2026-01-30,CHIMNEY THE ONE,1.0,1251486.48,8283648.64
Conut Jnah,Person_0206,2026-01-01,2026-01-30,CHIMNEY TRIPLE CHOCOLATE,1.0,1311081.08,8283648.64
Conut Jnah,Person_0206,2026-01-01,2026-01-30,CONUT THE ONE,1.0,893918.92,8283648.64
Conut Jnah,Person_0206,2026-01-01,2026-01-30,DELIVERY CHARGE,1.0,238378.38,8283648.64
Conut Jnah,Person_0206,2026-01-01,2026-01-30,DELIVERY CHARGE,1.0,238378.38,8283648.64
Conut Jnah,Person_0206,2026-01-01,2026-01-30,THE SHARING BOX.,1.0,1668648.66,8283648.64
Conut Jnah,Person_0207,2026-01-01,2026-01-30,CONUT THE ONE,1.0,893918.92,2026216.22
Conut Jnah,Person_0207,2026-01-01,2026-01-30,CONUT THE ONE,1.0,893918.92,2026216.22
Conut Jnah,Person_0207,2026-01-01,2026-01-30,DELIVERY CHARGE,1.0,238378.38,2026216.22
Conut Jnah,Person_0208,2026-01-01,2026-01-30,CLASSIC CHIMNEY,1.0,595945.95,1013108.11
Conut Jnah,Person_0208,2026-01-01,2026-01-30,DELIVERY CHARGE,1.0,238378.38,1013108.11
Conut Jnah,Person_0208,2026-01-01,2026-01-30,STRAWBERRY.,1.0,178783.78,1013108.11
Conut Jnah,Person_0209,2026-01-01,2026-01-30,CHIMNEY THE ONE,1.0,1251486.48,3427351.35
Conut Jnah,Person_0209,2026-01-01,2026-01-30,CONUT BOSTON CHEESECAKE,1.0,924378.38,3427351.35
Conut Jnah,Person_0209,2026-01-01,2026-01-30,CONUT PISTACHIO,1.0,1013108.11,3427351.35
Conut Jnah,Person_0209,2026-01-01,2026-01-30,DELIVERY CHARGE,1.0,238378.38,3427351.35
Conut Jnah,Person_0210,2026-01-01,2026-01-30,CHIMNEY THE ONE,1.0,1251486.48,1489864.86
Conut Jnah,Person_0210,2026-01-01,2026-01-30,DELIVERY CHARGE,1.0,238378.38,1489864.86
Conut Jnah,Person_0211,2026-01-01,2026-01-30,CLASSIC CHIMNEY,1.0,595945.95,1430270.28
Conut Jnah,Person_0211,2026-01-01,2026-01-30,CLASSIC CHIMNEY,1.0,595945.95,1430270.28
Conut Jnah,Person_0211,2026-01-01,2026-01-30,DELIVERY CHARGE,1.0,238378.38,1430270.28
Conut Jnah,Person_0212,2026-01-01,2026-01-30,CONUT BITES,1.0,655540.55,2681756.77
Conut Jnah,Person_0212,2026-01-01,2026-01-30,DELIVERY CHARGE,1.0,238378.38,2681756.77
Conut Jnah,Person_0212,2026-01-01,2026-01-30,PISTACHIO DIP.(P),1.0,119189.19,2681756.77
Conut Jnah,Person_0212,2026-01-01,2026-01-30,THE SHARING BOX.,1.0,1668648.66,2681756.77
Conut Jnah,Person_0213,2026-01-01,2026-01-30,CHIMNEY BERRY MIX,1.0,1251486.48,4917216.21
Conut Jnah,Person_0213,2026-01-01,2026-01-30,CHIMNEY THE ONE,1.0,1251486.48,4917216.21
Conut Jnah,Person_0213,2026-01-01,2026-01-30,CHIMNEY THE ONE,1.0,1251486.48,4917216.21
Conut Jnah,Person_0213,2026-01-01,2026-01-30,DELIVERY CHARGE,1.0,238378.38,4917216.21
Conut Jnah,Person_0213,2026-01-01,2026-01-30,DELIVERY CHARGE,1.0,238378.38,4917216.21
Conut Jnah,Person_0213,2026-01-01,2026-01-30,MINI BERRY MIX,1.0,507216.22,4917216.21
Conut Jnah,Person_0213,2026-01-01,2026-01-30,NUTELLA SAUCE.,1.0,178783.78,4917216.21
Conut Jnah,Person_0214,2026-01-01,2026-01-30,DELIVERY CHARGE,1.0,238378.38,1907027.03
Conut Jnah,Person_0214,2026-01-01,2026-01-30,THE SHARING BOX.,1.0,1668648.66,1907027.03
Conut Jnah,Person_0215,2026-01-01,2026-01-30,CARAMEL MACHIATO,1.0,536351.34,3337297.3
Conut Jnah,Person_0215,2026-01-01,2026-01-30,CHIMNEY BERRY MIX,1.0,1251486.48,3337297.3
Conut Jnah,Person_0215,2026-01-01,2026-01-30,CONUT BITES,1.0,655540.55,3337297.3
Conut Jnah,Person_0215,2026-01-01,2026-01-30,CONUT BITES,1.0,655540.55,3337297.3
Conut Jnah,Person_0215,2026-01-01,2026-01-30,DELIVERY CHARGE,1.0,238378.38,3337297.3
Conut Jnah,Person_0216,2026-01-01,2026-01-30,CONUT BERRY MIX,1.0,893918.92,1132297.3
Conut Jnah,Person_0216,2026-01-01,2026-01-30,DELIVERY CHARGE,1.0,238378.38,1132297.3
Conut Jnah,Person_0217,2026-01-01,2026-01-30,CHIMNEY THE ONE,1.0,1251486.48,2681756.75
Conut Jnah,Person_0217,2026-01-01,2026-01-30,CHIMNEY THE ORIGINAL,1.0,1191891.89,2681756.75
Conut Jnah,Person_0217,2026-01-01,2026-01-30,DELIVERY CHARGE,1.0,238378.38,2681756.75
Conut Jnah,Person_0218,2026-01-01,2026-01-30,CHIMNEY THE ONE,1.0,1251486.48,4767567.56
Conut Jnah,Person_0218,2026-01-01,2026-01-30,CHIMNEY THE ONE,1.0,1251486.48,4767567.56
Conut Jnah,Person_0218,2026-01-01,2026-01-30,CHIMNEY THE ONE,1.0,1251486.48,4767567.56
Conut Jnah,Person_0218,2026-01-01,2026-01-30,CLASSIC CHIMNEY,1.0,595945.95,4767567.56
Conut Jnah,Person_0218,2026-01-01,2026-01-30,DELIVERY CHARGE,1.0,238378.38,4767567.56
Conut Jnah,Person_0218,2026-01-01,2026-01-30,NUTELLA SPREAD CHIMNEY,1.0,178783.78,4767567.56
Conut Jnah,Person_0219,2026-01-01,2026-01-30,AFFOGATO,1.0,536351.34,3367756.76
Conut Jnah,Person_0219,2026-01-01,2026-01-30,BLUEBERRIES.,1.0,238378.38,3367756.76
Conut Jnah,Person_0219,2026-01-01,2026-01-30,CHIMNEY THE ONE,1.0,1251486.48,3367756.76
Conut Jnah,Person_0219,2026-01-01,2026-01-30,CLASSIC CHIMNEY,1.0,595945.95,3367756.76
Conut Jnah,Person_0219,2026-01-01,2026-01-30,DELIVERY CHARGE,1.0,238378.38,3367756.76
Conut Jnah,Person_0219,2026-01-01,2026-01-30,MINI THE ONE,1.0,507216.22,3367756.76
Conut Jnah,Person_0220,2026-01-01,2026-01-30,CLASSIC CHIMNEY,1.0,595945.95,1013108.11
Conut Jnah,Person_0220,2026-01-01,2026-01-30,DELIVERY CHARGE,1.0,238378.38,1013108.11
Conut Jnah,Person_0220,2026-01-01,2026-01-30,WHITE CHOCOLATE SPREAD CHIMNEY,1.0,178783.78,1013108.11
Conut Jnah,Person_0221,2026-01-01,2026-01-30,CHIMNEY BERRY MIX,1.0,1251486.48,1489864.86
Conut Jnah,Person_0221,2026-01-01,2026-01-30,DELIVERY CHARGE,-1.0,-238378.38,1489864.86
Conut Jnah,Person_0221,2026-01-01,2026-01-30,DELIVERY CHARGE,1.0,238378.38,1489864.86
Conut Jnah,Person_0221,2026-01-01,2026-01-30,DELIVERY CHARGE,1.0,238378.38,1489864.86
Conut Jnah,Person_0221,2026-01-01,2026-01-30,MINI BERRY MIX,1.0,507216.22,1489864.86
Conut Jnah,Person_0221,2026-01-01,2026-01-30,MINI BERRY MIX,-1.0,-507216.22,1489864.86
Conut Jnah,Person_0221,2026-01-01,2026-01-30,MINI BOSTON CHEESECAKE,-1.0,-536351.34,1489864.86
Conut Jnah,Person_0221,2026-01-01,2026-01-30,MINI BOSTON CHEESECAKE,1.0,536351.34,1489864.86
Conut Jnah,Person_0222,2026-01-01,2026-01-30,CONUT THE ONE,1.0,893918.92,2056675.68
Conut Jnah,Person_0222,2026-01-01,2026-01-30,CONUT TRIPLE CHOCOLATE,1.0,924378.38,2056675.68
Conut Jnah,Person_0222,2026-01-01,2026-01-30,DELIVERY CHARGE,1.0,238378.38,2056675.68
Conut Jnah,Person_0223,2026-01-01,2026-01-30,CONUT THE ONE,1.0,893918.92,2026216.22
Conut Jnah,Person_0223,2026-01-01,2026-01-30,CONUT THE ONE,1.0,893918.92,2026216.22
Conut Jnah,Person_0223,2026-01-01,2026-01-30,DELIVERY CHARGE,1.0,238378.38,2026216.22
Conut Jnah,Person_0224,2026-01-01,2026-01-30,CONUT THE ONE,1.0,893918.92,1193216.21
Conut Jnah,Person_0224,2026-01-01,2026-01-30,DELIVERY CHARGE,1.0,238378.38,1193216.21
Conut Jnah,Person_0224,2026-01-01,2026-01-30,"RASPBERRY JAM , (P)",1.0,20720.72,1193216.21
Conut Jnah,Person_0224,2026-01-01,2026-01-30,"RASPBERRY JAM , (P)",1.0,20720.72,1193216.21
Conut Jnah,Person_0225,2026-01-01,2026-01-30,CHIMNEY BOSTON CHEESECAKE,1.0,1311081.08,6228297.29
Conut Jnah,Person_0225,2026-01-01,2026-01-30,CHIMNEY THE ONE,1.0,1251486.48,6228297.29
Conut Jnah,Person_0225,2026-01-01,2026-01-30,CHIMNEY TRIPLE CHOCOLATE,1.0,1311081.08,6228297.29
Conut Jnah,Person_0225,2026-01-01,2026-01-30,CONUT BOSTON CHEESECAKE,1.0,924378.38,6228297.29
Conut Jnah,Person_0225,2026-01-01,2026-01-30,DELIVERY CHARGE,1.0,238378.38,6228297.29
Conut Jnah,Person_0225,2026-01-01,2026-01-30,DELIVERY CHARGE,1.0,238378.38,6228297.29
Conut Jnah,Person_0225,2026-01-01,2026-01-30,TIRAMISU CONUT,1.0,953513.52,6228297.29
Conut Jnah,Person_0226,2026-01-01,2026-01-30,ADD ICE CREAM,1.0,476756.75,2204999.99
Conut Jnah,Person_0226,2026-01-01,2026-01-30,CHIMNEY TRIPLE CHOCOLATE,1.0,1311081.08,2204999.99
Conut Jnah,Person_0226,2026-01-01,2026-01-30,DELIVERY CHARGE,1.0,238378.38,2204999.99
Conut Jnah,Person_0226,2026-01-01,2026-01-30,NUTELLA SAUCE.,1.0,178783.78,2204999.99
Conut Jnah,Person_0227,2026-01-01,2026-01-30,ADD ICE CREAM,1.0,476756.75,2026216.2
Conut Jnah,Person_0227,2026-01-01,2026-01-30,CHIMNEY TRIPLE CHOCOLATE,1.0,1311081.08,2026216.2
Conut Jnah,Person_0227,2026-01-01,2026-01-30,DELIVERY CHARGE,1.0,238378.38,2026216.2
Conut Jnah,Person_0228,2026-01-01,2026-01-30,CHIMNEY THE ONE,1.0,1251486.48,3427351.35
Conut Jnah,Person_0228,2026-01-01,2026-01-30,CONUT PISTACHIO,1.0,1013108.11,3427351.35
Conut Jnah,Person_0228,2026-01-01,2026-01-30,CONUT TRIPLE CHOCOLATE,1.0,924378.38,3427351.35
Conut Jnah,Person_0228,2026-01-01,2026-01-30,DELIVERY CHARGE,1.0,238378.38,3427351.35
Conut Jnah,Person_0229,2026-01-01,2026-01-30,CLASSIC CHIMNEY,1.0,595945.95,1430270.28
Conut Jnah,Person_0229,2026-01-01,2026-01-30,CLASSIC CHIMNEY,1.0,595945.95,1430270.28
Conut Jnah,Person_0229,2026-01-01,2026-01-30,DELIVERY CHARGE,1.0,238378.38,1430270.28
Conut Jnah,Person_0230,2026-01-01,2026-01-30,ADD ICE CREAM,1.0,476756.75,7091756.75
Conut Jnah,Person_0230,2026-01-01,2026-01-30,CHERRY JAM DIP.(P),1.0,119189.19,7091756.75
Conut Jnah,Person_0230,2026-01-01,2026-01-30,CHIMNEY THE ONE,1.0,1251486.48,7091756.75
Conut Jnah,Person_0230,2026-01-01,2026-01-30,CHIMNEY THE ONE,1.0,1251486.48,7091756.75
Conut Jnah,Person_0230,2026-01-01,2026-01-30,CONUT BERRY MIX,1.0,893918.92,7091756.75
Conut Jnah,Person_0230,2026-01-01,2026-01-30,CONUT BITES,1.0,655540.55,7091756.75
Conut Jnah,Person_0230,2026-01-01,2026-01-30,DELIVERY CHARGE,1.0,238378.38,7091756.75
Conut Jnah,Person_0230,2026-01-01,2026-01-30,DELIVERY CHARGE,1.0,238378.38,7091756.75
Conut Jnah,Person_0230,2026-01-01,2026-01-30,MINI BOSTON CHEESECAKE,1.0,536351.34,7091756.75
Conut Jnah,Person_0230,2026-01-01,2026-01-30,STRAWBERRY MILKSHAKE,1.0,715135.14,7091756.75
Conut Jnah,Person_0230,2026-01-01,2026-01-30,STRAWBERRY MILKSHAKE,1.0,715135.14,7091756.75
Conut Jnah,Person_0231,2026-01-01,2026-01-30,CHIMNEY TRIPLE CHOCOLATE,1.0,1311081.08,1549459.45
Conut Jnah,Person_0231,2026-01-01,2026-01-30,DELIVERY CHARGE,1.0,238378.38,1549459.45
Conut Jnah,Person_0232,2026-01-01,2026-01-30,CHIMNEY COMBO.,1.0,3933243.25,4171621.62
Conut Jnah,Person_0232,2026-01-01,2026-01-30,DELIVERY CHARGE,1.0,238378.38,4171621.62
Conut Jnah,Person_0233,2026-01-01,2026-01-30,CAFFE LATTE,1.0,417162.16,1907027.02
Conut Jnah,Person_0233,2026-01-01,2026-01-30,CHIMNEY THE ONE,1.0,1251486.48,1907027.02
Conut Jnah,Person_0233,2026-01-01,2026-01-30,DELIVERY CHARGE,1.0,238378.38,1907027.02
Conut Jnah,Person_0234,2026-01-01,2026-01-30,DELIVERY CHARGE,1.0,238378.38,1907027.03
Conut Jnah,Person_0234,2026-01-01,2026-01-30,THE SHARING BOX.,1.0,1668648.66,1907027.03
Conut Jnah,Person_0235,2026-01-01,2026-01-30,DELIVERY CHARGE,1.0,238378.38,1907027.03
Conut Jnah,Person_0235,2026-01-01,2026-01-30,THE SHARING BOX.,1.0,1668648.66,1907027.03
Main Street Coffee,Person_0236,2026-01-01,2026-01-30,CHIMNEY THE ONE,1.0,1251486.48,6764648.63
Main Street Coffee,Person_0236,2026-01-01,2026-01-30,CHIMNEY THE ONE,1.0,1251486.48,6764648.63
Main Street Coffee,Person_0236,2026-01-01,2026-01-30,CHIMNEY TRIPLE CHOCOLATE,1.0,1311081.08,6764648.63
Main Street Coffee,Person_0236,2026-01-01,2026-01-30,CONUT BERRY MIX,1.0,893918.92,6764648.63
Main Street Coffee,Person_0236,2026-01-01,2026-01-30,CONUT THE ORIGINAL,1.0,864783.79,6764648.63
Main Street Coffee,Person_0236,2026-01-01,2026-01-30,MINI THE ORIGINAL,1.0,476756.75,6764648.63
Main Street Coffee,Person_0236,2026-01-01,2026-01-30,SINGLE ESPRESSO,1.0,238378.38,6764648.63
Main Street Coffee,Person_0236,2026-01-01,2026-01-30,SINGLE ESPRESSO,1.0,238378.38,6764648.63
Main Street Coffee,Person_0236,2026-01-01,2026-01-30,SINGLE ESPRESSO,1.0,238378.38,6764648.63
Main Street Coffee,Person_0237,2026-01-01,2026-01-30,CONUT BOSTON CHEESECAKE,1.0,924378.38,2087135.14
Main Street Coffee,Person_0237,2026-01-01,2026-01-30,CONUT THE ONE,1.0,893918.92,2087135.14
Main Street Coffee,Person_0237,2026-01-01,2026-01-30,"DARK CHOCOLATE CHIPS, (P)",1.0,20720.72,2087135.14
Main Street Coffee,Person_0237,2026-01-01,2026-01-30,DELIVERY CHARGE,1.0,238378.38,2087135.14
Main Street Coffee,Person_0239,2026-01-01,2026-01-30,ADD ICE CREAM,1.0,476756.75,9803972.96
Main Street Coffee,Person_0239,2026-01-01,2026-01-30,CHIMNEY BOSTON CHEESECAKE,1.0,1311081.08,9803972.96
Main Street Coffee,Person_0239,2026-01-01,2026-01-30,CHIMNEY THE ONE,1.0,1251486.48,9803972.96
Main Street Coffee,Person_0239,2026-01-01,2026-01-30,CHIMNEY THE ONE,1.0,1251486.48,9803972.96
Main Street Coffee,Person_0239,2026-01-01,2026-01-30,CHIMNEY THE ONE,1.0,1251486.48,9803972.96
Main Street Coffee,Person_0239,2026-01-01,2026-01-30,CHIMNEY THE ONE,1.0,1251486.48,9803972.96
Main Street Coffee,Person_0239,2026-01-01,2026-01-30,CHIMNEY THE ONE,-1.0,-1251486.48,9803972.96
Main Street Coffee,Person_0239,2026-01-01,2026-01-30,CHIMNEY TRIPLE CHOCOLATE,-1.0,-1311081.08,9803972.96
Main Street Coffee,Person_0239,2026-01-01,2026-01-30,CHIMNEY TRIPLE CHOCOLATE,1.0,1311081.08,9803972.96
Main Street Coffee,Person_0239,2026-01-01,2026-01-30,CHIMNEY TRIPLE CHOCOLATE,1.0,1311081.08,9803972.96
Main Street Coffee,Person_0239,2026-01-01,2026-01-30,CHIMNEY TRIPLE CHOCOLATE,1.0,1311081.08,9803972.96
Main Street Coffee,Person_0239,2026-01-01,2026-01-30,CONUT PISTACHIO,1.0,1013108.11,9803972.96
Main Street Coffee,Person_0239,2026-01-01,2026-01-30,ICE CREAM BOWL,1.0,595945.95,9803972.96
Main Street Coffee,Person_0239,2026-01-01,2026-01-30,ICE CREAM BOWL,-1.0,-595945.95,9803972.96
Main Street Coffee,Person_0239,2026-01-01,2026-01-30,ICE CREAM BOWL,1.0,595945.95,9803972.96
Main Street Coffee,Person_0239,2026-01-01,2026-01-30,WHIPPED CREAM . (P),1.0,30459.46,9803972.96
Main Street Coffee,Person_0239,2026-01-01,2026-01-30,WHIPPED CREAM . (P),1.0,30459.46,9803972.96
Main Street Coffee,Person_0239,2026-01-01,2026-01-30,WHIPPED CREAM . (P),-1.0,-30459.46,9803972.96
Main Street Coffee,Person_0240,2026-01-01,2026-01-30,ADD ICE CREAM,1.0,476756.75,5601891.91
Main Street Coffee,Person_0240,2026-01-01,2026-01-30,ADD ICE CREAM,1.0,476756.75,5601891.91
Main Street Coffee,Person_0240,2026-01-01,2026-01-30,ADD ICE CREAM,1.0,476756.75,5601891.91
Main Street Coffee,Person_0240,2026-01-01,2026-01-30,ICE CREAM BOWL,1.0,595945.95,5601891.91
Main Street Coffee,Person_0240,2026-01-01,2026-01-30,ICE CREAM BOWL,1.0,595945.95,5601891.91
Main Street Coffee,Person_0240,2026-01-01,2026-01-30,ICE CREAM BOWL,1.0,595945.95,5601891.91
Main Street Coffee,Person_0240,2026-01-01,2026-01-30,ICE CREAM BOWL,1.0,595945.95,5601891.91
Main Street Coffee,Person_0240,2026-01-01,2026-01-30,ICE CREAM BOWL,1.0,595945.95,5601891.91
Main Street Coffee,Person_0240,2026-01-01,2026-01-30,ICE CREAM BOWL,1.0,595945.95,5601891.91
Main Street Coffee,Person_0240,2026-01-01,2026-01-30,NUTELLA DIP (R),1.0,119189.19,5601891.91
Main Street Coffee,Person_0240,2026-01-01,2026-01-30,NUTELLA DIP (R),1.0,119189.19,5601891.91
Main Street Coffee,Person_0240,2026-01-01,2026-01-30,NUTELLA DIP (R),1.0,119189.19,5601891.91
Main Street Coffee,Person_0240,2026-01-01,2026-01-30,WATER,3.0,238378.38,5601891.91
Main Street Coffee,Person_0241,2026-01-01,2026-01-30,DOUBLE CHOCOLATE MILKSHAKE,1.0,774729.73,2264594.58
Main Street Coffee,Person_0241,2026-01-01,2026-01-30,HOT CHOCOLATE,1.0,476756.75,2264594.58
Main Street Coffee,Person_0241,2026-01-01,2026-01-30,HOT CHOCOLATE,1.0,476756.75,2264594.58
Main Street Coffee,Person_0241,2026-01-01,2026-01-30,VANILLA MILKSHAKE,1.0,536351.34,2264594.58
Main Street Coffee,Person_0242,2026-01-01,2026-01-30,CAFFE AMERICANO,1.0,328432.43,5572756.73
Main Street Coffee,Person_0242,2026-01-01,2026-01-30,CHIMNEY THE ONE,1.0,1251486.48,5572756.73
Main Street Coffee,Person_0242,2026-01-01,2026-01-30,CHIMNEY THE ONE,1.0,1251486.48,5572756.73
Main Street Coffee,Person_0242,2026-01-01,2026-01-30,CHIMNEY THE ONE,1.0,1251486.48,5572756.73
Main Street Coffee,Person_0242,2026-01-01,2026-01-30,CONUT THE ONE,1.0,893918.92,5572756.73
Main Street Coffee,Person_0242,2026-01-01,2026-01-30,NUTELLA SAUCE.,1.0,178783.78,5572756.73
Main Street Coffee,Person_0242,2026-01-01,2026-01-30,NUTELLA SAUCE.,1.0,178783.78,5572756.73
Main Street Coffee,Person_0242,2026-01-01,2026-01-30,WATER,1.0,79459.45,5572756.73
Main Street Coffee,Person_0242,2026-01-01,2026-01-30,WATER,1.0,79459.45,5572756.73
Main Street Coffee,Person_0242,2026-01-01,2026-01-30,WATER,1.0,79459.45,5572756.73
Main Street Coffee,Person_0243,2026-01-01,2026-01-30,ADD ICE CREAM,1.0,476756.75,5870729.72
Main Street Coffee,Person_0243,2026-01-01,2026-01-30,CHIMNEY THE ONE,1.0,1251486.48,5870729.72
Main Street Coffee,Person_0243,2026-01-01,2026-01-30,CHIMNEY THE ORIGINAL,1.0,1191891.89,5870729.72
Main Street Coffee,Person_0243,2026-01-01,2026-01-30,CLASSIC CHIMNEY,1.0,595945.95,5870729.72
Main Street Coffee,Person_0243,2026-01-01,2026-01-30,CONUT BERRY MIX,1.0,893918.92,5870729.72
Main Street Coffee,Person_0243,2026-01-01,2026-01-30,CONUT THE ONE,1.0,893918.92,5870729.72
Main Street Coffee,Person_0243,2026-01-01,2026-01-30,MINI THE ORIGINAL,1.0,476756.75,5870729.72
Main Street Coffee,Person_0243,2026-01-01,2026-01-30,STRAWBERRIES (R),1.0,90054.05,5870729.72
Main Street Coffee,Person_0244,2026-01-01,2026-01-30,CHIMNEY THE ONE,1.0,1251486.48,1251486.48
Main Street Coffee,Person_0245,2026-01-01,2026-01-30,DOUBLE ESPRESSO,1.0,328432.43,3943837.76
Main Street Coffee,Person_0245,2026-01-01,2026-01-30,ICE CREAM BOWL,1.0,595945.95,3943837.76
Main Street Coffee,Person_0245,2026-01-01,2026-01-30,SINGLE ESPRESSO,1.0,238378.38,3943837.76
Main Street Coffee,Person_0245,2026-01-01,2026-01-30,SINGLE ESPRESSO,1.0,238378.38,3943837.76
Main Street Coffee,Person_0245,2026-01-01,2026-01-30,SINGLE ESPRESSO,1.0,238378.38,3943837.76
Main Street Coffee,Person_0245,2026-01-01,2026-01-30,SINGLE ESPRESSO,1.0,238378.38,3943837.76
Main Street Coffee,Person_0245,2026-01-01,2026-01-30,SINGLE ESPRESSO,1.0,238378.38,3943837.76
Main Street Coffee,Person_0245,2026-01-01,2026-01-30,SINGLE ESPRESSO,1.0,238378.38,3943837.76
Main Street Coffee,Person_0245,2026-01-01,2026-01-30,SINGLE ESPRESSO,1.0,238378.38,3943837.76
Main Street Coffee,Person_0245,2026-01-01,2026-01-30,SINGLE ESPRESSO,1.0,238378.38,3943837.76
Main Street Coffee,Person_0245,2026-01-01,2026-01-30,SINGLE ESPRESSO,1.0,238378.38,3943837.76
Main Street Coffee,Person_0245,2026-01-01,2026-01-30,SINGLE ESPRESSO,1.0,238378.38,3943837.76
Main Street Coffee,Person_0245,2026-01-01,2026-01-30,WATER,1.0,79459.45,3943837.76
Main Street Coffee,Person_0245,2026-01-01,2026-01-30,WATER,1.0,79459.45,3943837.76
Main Street Coffee,Person_0245,2026-01-01,2026-01-30,WATER,1.0,79459.45,3943837.76
Main Street Coffee,Person_0245,2026-01-01,2026-01-30,WATER,1.0,79459.45,3943837.76
Main Street Coffee,Person_0245,2026-01-01,2026-01-30,WATER,1.0,79459.45,3943837.76
Main Street Coffee,Person_0245,2026-01-01,2026-01-30,WATER,1.0,79459.45,3943837.76
Main Street Coffee,Person_0245,2026-01-01,2026-01-30,WATER,1.0,79459.45,3943837.76
Main Street Coffee,Person_0245,2026-01-01,2026-01-30,WATER,1.0,79459.45,3943837.76
Main Street Coffee,Person_0246,2026-01-01,2026-01-30,CHIMNEY BERRY MIX,1.0,1251486.48,1489864.86
Main Street Coffee,Person_0246,2026-01-01,2026-01-30,DELIVERY CHARGE,1.0,238378.38,1489864.86
Main Street Coffee,Person_0133,2026-01-01,2026-01-30,CHIMNEY BERRY MIX,1.0,1251486.48,6495810.81
Main Street Coffee,Person_0133,2026-01-01,2026-01-30,CHIMNEY THE ONE,1.0,1251486.48,6495810.81
Main Street Coffee,Person_0133,2026-01-01,2026-01-30,CHIMNEY THE ONE,1.0,1251486.48,6495810.81
Main Street Coffee,Person_0133,2026-01-01,2026-01-30,CHIMNEY TRIPLE CHOCOLATE,1.0,1311081.08,6495810.81
Main Street Coffee,Person_0133,2026-01-01,2026-01-30,CLASSIC CHIMNEY,1.0,595945.95,6495810.81
Main Street Coffee,Person_0133,2026-01-01,2026-01-30,CLASSIC CHIMNEY,1.0,595945.95,6495810.81
Main Street Coffee,Person_0133,2026-01-01,2026-01-30,DELIVERY CHARGE,1.0,238378.38,6495810.81
Main Street Coffee,Person_0247,2026-01-01,2026-01-30,CHIMNEY THE ONE,1.0,1251486.48,2741351.34
Main Street Coffee,Person_0247,2026-01-01,2026-01-30,CHIMNEY THE ONE,1.0,1251486.48,2741351.34
Main Street Coffee,Person_0247,2026-01-01,2026-01-30,DELIVERY CHARGE,1.0,238378.38,2741351.34
Main Street Coffee,Person_0248,2026-01-01,2026-01-30,CONUT TRIPLE CHOCOLATE,1.0,924378.38,1699108.1
Main Street Coffee,Person_0248,2026-01-01,2026-01-30,DELIVERY CHARGE,1.0,238378.38,1699108.1
Main Street Coffee,Person_0248,2026-01-01,2026-01-30,MINI TRIPLE CHOCOLATE,1.0,536351.34,1699108.1
Main Street Coffee,Person_0249,2026-01-01,2026-01-30,CHIMNEY THE ONE,1.0,1251486.48,1489864.86
Main Street Coffee,Person_0249,2026-01-01,2026-01-30,DELIVERY CHARGE,1.0,238378.38,1489864.86
